timestamp,unit_id,unit_type,empire_or_resistance,location_x,location_y,destination_x,destination_y,homeworld
2025-03-18 09:54:02,1,resistance_soldier,resistance,3,6,8,3,Vulpter
2025-03-18 09:54:01,2,at-at,resistance,10,1,9,3,Tatooine
2025-03-18 09:54:00,3,unknown,empire,7,3,9,2,Dagobah
2025-03-18 09:53:59,4,x-wing,resistance,4,5,7,3,Champala
2025-03-18 09:53:58,5,at-at,empire,6,6,9,1,Malastare
2025-03-18 09:53:57,6,tie_silencer,empire,5,10,1,4,Tatooine
2025-03-18 09:53:56,7,x-wing,resistance,8,6,10,8,Ryloth
2025-03-18 09:53:55,8,x-wing,resistance,4,5,8,1,Kalee
2025-03-18 09:53:54,9,x-wing,empire,10,4,2,4,Concord Dawn
2025-03-18 09:53:53,10,tie_fighter,resistance,7,3,3,3,Ojom
2025-03-18 09:53:52,11,x-wing,resistance,3,4,6,5,Tatooine
2025-03-18 09:53:51,12,x-wing,resistance,8,4,8,6,Alderaan
2025-03-18 09:53:50,13,tie_silencer,resistance,4,3,3,7,Iridonia
2025-03-18 09:53:49,14,stormtrooper,empire,10,1,6,5,Bestine IV
2025-03-18 09:53:48,15,tie_silencer,resistance,6,8,2,6,Dathomir
2025-03-18 09:53:47,16,unknown,resistance,7,1,4,9,Cerea
2025-03-18 09:53:46,17,tie_silencer,resistance,6,7,9,9,Cerea
2025-03-18 09:53:45,18,resistance_soldier,empire,4,5,7,4,Iktotch
2025-03-18 09:53:44,19,stormtrooper,resistance,6,3,5,5,Umbara
2025-03-18 09:53:43,20,x-wing,empire,5,5,4,8,Socorro
2025-03-18 09:53:42,21,tie_fighter,empire,7,9,1,6,Serenno
2025-03-18 09:53:41,22,resistance_soldier,empire,10,10,9,2,Quermia
2025-03-18 09:53:40,23,at-st,empire,7,6,6,5,Vulpter
2025-03-18 09:53:39,24,stormtrooper,resistance,1,10,3,4,Shili
2025-03-18 09:53:38,25,tie_silencer,resistance,4,1,6,7,Tholoth
2025-03-18 09:53:37,26,unknown,resistance,3,10,10,9,Concord Dawn
2025-03-18 09:53:36,27,tie_silencer,resistance,3,9,6,10,Troiken
2025-03-18 09:53:35,28,x-wing,resistance,10,7,7,5,Ryloth
2025-03-18 09:53:34,29,x-wing,resistance,6,9,5,2,Dathomir
2025-03-18 09:53:33,30,unknown,empire,3,10,1,4,Skako
2025-03-18 09:53:32,31,x-wing,empire,8,7,5,9,Mirial
2025-03-18 09:53:31,32,at-st,resistance,6,8,9,9,Quermia
2025-03-18 09:53:30,33,resistance_soldier,empire,9,3,7,5,Eriadu
2025-03-18 09:53:29,34,stormtrooper,resistance,7,3,10,3,Rodia
2025-03-18 09:53:28,35,stormtrooper,resistance,3,8,7,10,Haruun Kal
2025-03-18 09:53:27,36,unknown,empire,3,5,2,7,Corellia
2025-03-18 09:53:26,37,resistance_soldier,resistance,4,10,6,6,Trandosha
2025-03-18 09:53:25,38,at-at,empire,6,2,5,1,Tatooine
2025-03-18 09:53:24,39,stormtrooper,empire,8,2,3,2,Umbara
2025-03-18 09:53:23,40,at-st,resistance,3,1,7,6,Zolan
2025-03-18 09:53:22,41,at-st,resistance,3,2,1,10,Socorro
2025-03-18 09:53:21,42,unknown,empire,2,3,5,2,Vulpter
2025-03-18 09:53:20,43,at-st,resistance,10,1,4,6,Haruun Kal
2025-03-18 09:53:19,44,at-st,empire,4,9,3,8,Malastare
2025-03-18 09:53:18,45,at-at,resistance,5,2,5,5,Glee Anselm
2025-03-18 09:53:17,46,stormtrooper,resistance,9,9,4,3,Tatooine
2025-03-18 09:53:16,47,unknown,resistance,5,5,7,3,Glee Anselm
2025-03-18 09:53:15,48,resistance_soldier,resistance,2,1,1,2,Kalee
2025-03-18 09:53:14,49,at-st,resistance,1,4,1,3,Iridonia
2025-03-18 09:53:13,50,resistance_soldier,resistance,7,9,10,7,Iridonia
2025-03-18 09:53:12,51,at-at,resistance,7,2,3,4,Iridonia
2025-03-18 09:53:11,52,unknown,empire,9,9,5,7,Tatooine
2025-03-18 09:53:10,53,tie_fighter,resistance,5,5,5,1,Chandrila
2025-03-18 09:53:09,54,x-wing,resistance,2,5,7,5,Haruun Kal
2025-03-18 09:53:08,55,tie_silencer,empire,6,7,1,4,Dagobah
2025-03-18 09:53:07,56,resistance_soldier,resistance,4,6,9,2,Mon Cala
2025-03-18 09:53:06,57,at-st,resistance,3,6,9,1,Bestine IV
2025-03-18 09:53:05,58,tie_silencer,resistance,2,9,9,4,Alderaan
2025-03-18 09:53:04,59,x-wing,resistance,5,1,9,1,Alderaan
2025-03-18 09:53:03,60,resistance_soldier,resistance,1,3,5,2,Cerea
2025-03-18 09:53:02,61,at-at,empire,3,2,3,1,Dagobah
2025-03-18 09:53:01,62,at-at,resistance,2,6,2,4,Zolan
2025-03-18 09:53:00,63,tie_silencer,empire,10,8,1,7,Muunilinst
2025-03-18 09:52:59,64,stormtrooper,empire,8,1,9,9,Iktotch
2025-03-18 09:52:58,65,tie_silencer,resistance,8,8,3,6,Malastare
2025-03-18 09:52:57,66,at-st,empire,6,10,8,10,Iridonia
2025-03-18 09:52:56,67,resistance_soldier,resistance,9,2,5,6,Bestine IV
2025-03-18 09:52:55,68,stormtrooper,empire,8,3,5,8,Muunilinst
2025-03-18 09:52:54,69,resistance_soldier,empire,4,9,6,7,Mirial
2025-03-18 09:52:53,70,tie_fighter,empire,1,5,2,3,Kalee
2025-03-18 09:52:52,71,tie_fighter,resistance,4,7,2,2,Kalee
2025-03-18 09:52:51,72,stormtrooper,empire,5,4,7,5,Malastare
2025-03-18 09:52:50,73,stormtrooper,resistance,6,2,5,2,Chandrila
2025-03-18 09:52:49,74,stormtrooper,empire,1,3,6,7,Stewjon
2025-03-18 09:52:48,75,tie_fighter,resistance,4,4,1,10,Kashyyyk
2025-03-18 09:52:47,76,at-at,resistance,1,8,7,4,Muunilinst
2025-03-18 09:52:46,77,tie_fighter,empire,6,7,9,10,Corellia
2025-03-18 09:52:45,78,at-at,resistance,2,1,7,2,Zolan
2025-03-18 09:52:44,79,at-st,resistance,6,8,9,4,Mon Cala
2025-03-18 09:52:43,80,tie_silencer,resistance,9,10,6,2,Malastare
2025-03-18 09:52:42,81,at-at,empire,4,4,1,1,Trandosha
2025-03-18 09:52:41,82,x-wing,empire,1,2,7,2,Ojom
2025-03-18 09:52:40,83,tie_silencer,resistance,1,10,6,2,Tund
2025-03-18 09:52:39,84,resistance_soldier,resistance,4,6,8,5,Mon Cala
2025-03-18 09:52:38,85,x-wing,empire,8,10,4,5,Tund
2025-03-18 09:52:37,86,at-st,resistance,3,8,8,2,Aleen Minor
2025-03-18 09:52:36,87,at-st,empire,7,4,5,4,Tund
2025-03-18 09:52:35,88,at-at,empire,5,5,3,2,Dorin
2025-03-18 09:52:34,89,tie_fighter,empire,3,5,8,4,Trandosha
2025-03-18 09:52:33,90,resistance_soldier,empire,10,4,10,9,Troiken
2025-03-18 09:52:32,91,x-wing,empire,7,1,8,1,Shili
2025-03-18 09:52:31,92,x-wing,resistance,3,3,10,2,Umbara
2025-03-18 09:52:30,93,at-st,resistance,10,5,6,5,Dagobah
2025-03-18 09:52:29,94,stormtrooper,empire,8,5,2,8,Kalee
2025-03-18 09:52:28,95,tie_fighter,empire,3,7,9,8,Naboo
2025-03-18 09:52:27,96,at-at,empire,1,8,7,1,Trandosha
2025-03-18 09:52:26,97,at-at,resistance,4,3,2,7,Bestine IV
2025-03-18 09:52:25,98,unknown,resistance,3,2,6,3,Iktotch
2025-03-18 09:52:24,99,at-st,resistance,4,10,7,9,Rodia
2025-03-18 09:52:23,100,tie_fighter,resistance,6,5,9,8,Ryloth
2025-03-18 09:52:22,101,resistance_soldier,resistance,3,8,10,10,Aleen Minor
2025-03-18 09:52:21,102,at-st,resistance,5,6,1,1,Ojom
2025-03-18 09:52:20,103,x-wing,empire,3,10,2,6,Toydaria
2025-03-18 09:52:19,104,at-st,resistance,8,2,6,10,Socorro
2025-03-18 09:52:18,105,at-at,empire,8,1,5,4,Serenno
2025-03-18 09:52:17,106,unknown,empire,2,3,8,6,Bestine IV
2025-03-18 09:52:16,107,unknown,empire,10,5,9,5,Glee Anselm
2025-03-18 09:52:15,108,stormtrooper,empire,1,1,1,2,Zolan
2025-03-18 09:52:14,109,at-st,resistance,10,6,5,3,Toydaria
2025-03-18 09:52:13,110,tie_silencer,resistance,6,4,8,5,Shili
2025-03-18 09:52:12,111,stormtrooper,resistance,6,3,5,1,Toydaria
2025-03-18 09:52:11,112,resistance_soldier,empire,5,8,6,9,Rodia
2025-03-18 09:52:10,113,at-at,resistance,7,3,7,1,Zolan
2025-03-18 09:52:09,114,at-at,resistance,10,5,7,10,Trandosha
2025-03-18 09:52:08,115,tie_silencer,empire,10,2,3,6,Toydaria
2025-03-18 09:52:07,116,unknown,empire,4,7,3,4,Glee Anselm
2025-03-18 09:52:06,117,at-at,resistance,2,8,8,5,Trandosha
2025-03-18 09:52:05,118,at-at,resistance,6,7,8,9,Iktotch
2025-03-18 09:52:04,119,at-st,empire,10,8,4,5,Dagobah
2025-03-18 09:52:03,120,tie_fighter,resistance,8,3,7,6,Zolan
2025-03-18 09:52:02,121,tie_silencer,resistance,2,1,8,5,Socorro
2025-03-18 09:52:01,122,stormtrooper,resistance,1,2,5,7,Bestine IV
2025-03-18 09:52:00,123,at-at,resistance,9,5,9,7,Umbara
2025-03-18 09:51:59,124,tie_silencer,empire,2,9,9,5,Quermia
2025-03-18 09:51:58,125,at-at,resistance,4,6,7,10,Ojom
2025-03-18 09:51:57,126,x-wing,resistance,6,6,6,5,Chandrila
2025-03-18 09:51:56,127,tie_fighter,empire,1,8,5,3,Tholoth
2025-03-18 09:51:55,128,x-wing,empire,5,5,10,3,Zolan
2025-03-18 09:51:54,129,stormtrooper,resistance,8,2,7,7,Kashyyyk
2025-03-18 09:51:53,130,at-at,resistance,1,10,5,5,Sullust
2025-03-18 09:51:52,131,resistance_soldier,resistance,9,4,2,7,Naboo
2025-03-18 09:51:51,132,resistance_soldier,resistance,9,5,1,9,Mirial
2025-03-18 09:51:50,133,stormtrooper,resistance,6,2,2,9,Dathomir
2025-03-18 09:51:49,134,stormtrooper,resistance,10,10,8,10,Tatooine
2025-03-18 09:51:48,135,tie_silencer,resistance,8,3,7,6,Chandrila
2025-03-18 09:51:47,136,tie_silencer,empire,2,6,5,5,Serenno
2025-03-18 09:51:46,137,tie_silencer,resistance,8,4,5,1,Sullust
2025-03-18 09:51:45,138,unknown,resistance,3,1,9,1,Sullust
2025-03-18 09:51:44,139,tie_fighter,resistance,5,4,5,6,Ryloth
2025-03-18 09:51:43,140,at-at,resistance,8,5,5,10,Dorin
2025-03-18 09:51:42,141,stormtrooper,empire,1,1,7,3,Mirial
2025-03-18 09:51:41,142,tie_fighter,resistance,6,5,7,4,Iridonia
2025-03-18 09:51:40,143,resistance_soldier,empire,6,5,9,4,Glee Anselm
2025-03-18 09:51:39,144,tie_fighter,resistance,1,8,3,7,Skako
2025-03-18 09:51:38,145,stormtrooper,empire,2,3,10,1,Mirial
2025-03-18 09:51:37,146,at-st,empire,3,9,1,7,Dagobah
2025-03-18 09:51:36,147,unknown,empire,5,1,2,5,Corellia
2025-03-18 09:51:35,148,resistance_soldier,resistance,1,10,4,10,Mirial
2025-03-18 09:51:34,149,tie_silencer,empire,7,9,4,8,Dagobah
2025-03-18 09:51:33,150,tie_silencer,empire,10,10,3,10,Tholoth
2025-03-18 09:51:32,151,tie_silencer,empire,6,3,9,6,Stewjon
2025-03-18 09:51:31,152,tie_silencer,resistance,8,1,4,8,Haruun Kal
2025-03-18 09:51:30,153,stormtrooper,resistance,5,3,9,3,Alderaan
2025-03-18 09:51:29,154,tie_fighter,resistance,8,6,3,9,Dorin
2025-03-18 09:51:28,155,tie_fighter,resistance,2,3,10,9,Mon Cala
2025-03-18 09:51:27,156,resistance_soldier,empire,10,3,5,2,Kalee
2025-03-18 09:51:26,157,stormtrooper,resistance,3,3,1,7,Umbara
2025-03-18 09:51:25,158,unknown,empire,10,9,8,4,Dorin
2025-03-18 09:51:24,159,tie_fighter,empire,2,1,10,7,Kalee
2025-03-18 09:51:23,160,tie_fighter,empire,8,8,3,4,Muunilinst
2025-03-18 09:51:22,161,stormtrooper,resistance,7,4,8,9,Iktotch
2025-03-18 09:51:21,162,unknown,resistance,10,1,4,10,Trandosha
2025-03-18 09:51:20,163,stormtrooper,empire,10,3,9,9,Skako
2025-03-18 09:51:19,164,at-st,resistance,4,2,1,6,Mon Cala
2025-03-18 09:51:18,165,at-st,resistance,5,8,4,2,Kashyyyk
2025-03-18 09:51:17,166,tie_silencer,empire,4,9,6,2,Stewjon
2025-03-18 09:51:16,167,tie_fighter,resistance,9,1,2,5,Vulpter
2025-03-18 09:51:15,168,at-st,empire,2,8,5,2,Kalee
2025-03-18 09:51:14,169,stormtrooper,empire,9,1,9,7,Ryloth
2025-03-18 09:51:13,170,resistance_soldier,empire,8,3,10,4,Kalee
2025-03-18 09:51:12,171,tie_silencer,resistance,9,4,3,2,Cerea
2025-03-18 09:51:11,172,at-at,resistance,7,7,7,9,Ryloth
2025-03-18 09:51:10,173,stormtrooper,empire,9,4,5,10,Ryloth
2025-03-18 09:51:09,174,unknown,empire,9,7,6,6,Dathomir
2025-03-18 09:51:08,175,x-wing,resistance,8,2,6,4,Rodia
2025-03-18 09:51:07,176,at-at,resistance,7,1,5,9,Sullust
2025-03-18 09:51:06,177,resistance_soldier,empire,8,2,5,9,Naboo
2025-03-18 09:51:05,178,at-at,resistance,9,8,7,1,Iridonia
2025-03-18 09:51:04,179,tie_silencer,resistance,4,5,3,10,Trandosha
2025-03-18 09:51:03,180,unknown,resistance,6,10,3,3,Iktotch
2025-03-18 09:51:02,181,unknown,empire,5,7,7,7,Malastare
2025-03-18 09:51:01,182,unknown,empire,6,4,7,8,Tholoth
2025-03-18 09:51:00,183,resistance_soldier,resistance,8,5,10,1,Mirial
2025-03-18 09:50:59,184,at-at,empire,7,7,3,2,Umbara
2025-03-18 09:50:58,185,tie_silencer,resistance,3,2,2,5,Concord Dawn
2025-03-18 09:50:57,186,resistance_soldier,resistance,3,8,6,10,Mon Cala
2025-03-18 09:50:56,187,unknown,resistance,3,5,9,1,Alderaan
2025-03-18 09:50:55,188,tie_fighter,empire,8,5,8,2,Socorro
2025-03-18 09:50:54,189,unknown,resistance,4,7,9,2,Rodia
2025-03-18 09:50:53,190,resistance_soldier,resistance,9,6,7,10,Dagobah
2025-03-18 09:50:52,191,x-wing,empire,9,9,8,7,Toydaria
2025-03-18 09:50:51,192,unknown,resistance,6,9,1,2,Kashyyyk
2025-03-18 09:50:50,193,tie_fighter,empire,2,1,10,6,Aleen Minor
2025-03-18 09:50:49,194,resistance_soldier,empire,4,1,4,9,Dagobah
2025-03-18 09:50:48,195,at-st,empire,9,2,2,3,Skako
2025-03-18 09:50:47,196,unknown,empire,4,2,6,6,Troiken
2025-03-18 09:50:46,197,resistance_soldier,resistance,10,1,9,4,Kalee
2025-03-18 09:50:45,198,unknown,empire,7,6,9,1,Tund
2025-03-18 09:50:44,199,stormtrooper,empire,5,7,5,5,Dorin
2025-03-18 09:50:43,200,at-st,resistance,7,8,6,5,Shili
2025-03-18 09:50:42,201,at-at,empire,10,9,1,8,Skako
2025-03-18 09:50:41,202,resistance_soldier,empire,4,2,7,7,Muunilinst
2025-03-18 09:50:40,203,tie_silencer,empire,1,8,7,5,Eriadu
2025-03-18 09:50:39,204,tie_silencer,resistance,9,9,1,3,Socorro
2025-03-18 09:50:38,205,at-st,empire,1,2,8,7,Toydaria
2025-03-18 09:50:37,206,stormtrooper,empire,6,5,2,3,Vulpter
2025-03-18 09:50:36,207,at-at,empire,8,9,3,7,Stewjon
2025-03-18 09:50:35,208,unknown,resistance,3,5,1,3,Naboo
2025-03-18 09:50:34,209,resistance_soldier,empire,9,1,2,4,Champala
2025-03-18 09:50:33,210,unknown,empire,10,9,4,3,Dagobah
2025-03-18 09:50:32,211,tie_fighter,resistance,2,5,7,9,Bestine IV
2025-03-18 09:50:31,212,unknown,empire,8,6,3,6,Zolan
2025-03-18 09:50:30,213,tie_silencer,empire,6,4,10,7,Trandosha
2025-03-18 09:50:29,214,at-at,empire,7,6,7,2,Rodia
2025-03-18 09:50:28,215,at-st,empire,7,4,3,8,Quermia
2025-03-18 09:50:27,216,resistance_soldier,resistance,4,10,10,10,Alderaan
2025-03-18 09:50:26,217,tie_fighter,resistance,3,10,5,10,Troiken
2025-03-18 09:50:25,218,resistance_soldier,resistance,3,1,6,4,Mon Cala
2025-03-18 09:50:24,219,at-st,resistance,2,4,8,6,Ryloth
2025-03-18 09:50:23,220,resistance_soldier,resistance,1,6,6,2,Socorro
2025-03-18 09:50:22,221,at-at,resistance,7,6,2,10,Concord Dawn
2025-03-18 09:50:21,222,at-st,resistance,6,3,7,9,Mirial
2025-03-18 09:50:20,223,at-at,empire,4,10,10,7,Zolan
2025-03-18 09:50:19,224,tie_silencer,resistance,5,6,4,7,Troiken
2025-03-18 09:50:18,225,tie_fighter,empire,5,1,4,10,Concord Dawn
2025-03-18 09:50:17,226,x-wing,empire,4,7,3,9,Serenno
2025-03-18 09:50:16,227,at-at,resistance,3,6,5,6,Quermia
2025-03-18 09:50:15,228,tie_fighter,empire,4,10,10,3,Bestine IV
2025-03-18 09:50:14,229,at-at,resistance,9,5,2,2,Bestine IV
2025-03-18 09:50:13,230,unknown,resistance,5,4,5,4,Champala
2025-03-18 09:50:12,231,unknown,empire,10,6,4,8,Tholoth
2025-03-18 09:50:11,232,at-at,empire,9,6,4,6,Shili
2025-03-18 09:50:10,233,x-wing,resistance,9,5,3,9,Dathomir
2025-03-18 09:50:09,234,resistance_soldier,resistance,5,1,8,5,Chandrila
2025-03-18 09:50:08,235,x-wing,resistance,10,4,10,5,Cerea
2025-03-18 09:50:07,236,at-at,empire,9,8,7,2,Stewjon
2025-03-18 09:50:06,237,tie_fighter,empire,8,7,2,7,Ojom
2025-03-18 09:50:05,238,unknown,empire,5,3,7,3,Muunilinst
2025-03-18 09:50:04,239,tie_silencer,empire,4,3,2,9,Malastare
2025-03-18 09:50:03,240,tie_fighter,empire,3,7,5,5,Corellia
2025-03-18 09:50:02,241,tie_fighter,resistance,10,6,6,9,Zolan
2025-03-18 09:50:01,242,at-st,empire,2,6,9,7,Mirial
2025-03-18 09:50:00,243,at-st,resistance,6,5,1,10,Kalee
2025-03-18 09:49:59,244,tie_silencer,resistance,2,8,5,4,Iridonia
2025-03-18 09:49:58,245,at-at,empire,9,5,3,7,Toydaria
2025-03-18 09:49:57,246,at-at,resistance,1,3,6,5,Bestine IV
2025-03-18 09:49:56,247,x-wing,resistance,8,7,5,5,Vulpter
2025-03-18 09:49:55,248,x-wing,resistance,1,7,8,3,Glee Anselm
2025-03-18 09:49:54,249,at-at,empire,2,2,10,8,Trandosha
2025-03-18 09:49:53,250,at-st,empire,10,8,5,10,Chandrila
2025-03-18 09:49:52,251,at-at,resistance,8,8,6,10,Naboo
2025-03-18 09:49:51,252,stormtrooper,empire,5,2,1,1,Kalee
2025-03-18 09:49:50,253,stormtrooper,resistance,8,10,9,8,Haruun Kal
2025-03-18 09:49:49,254,unknown,empire,9,7,10,2,Eriadu
2025-03-18 09:49:48,255,at-st,resistance,2,2,3,3,Skako
2025-03-18 09:49:47,256,at-st,resistance,3,6,9,3,Aleen Minor
2025-03-18 09:49:46,257,x-wing,empire,4,1,1,4,Champala
2025-03-18 09:49:45,258,resistance_soldier,empire,5,9,9,9,Quermia
2025-03-18 09:49:44,259,at-at,empire,5,9,5,7,Haruun Kal
2025-03-18 09:49:43,260,resistance_soldier,resistance,1,9,2,1,Alderaan
2025-03-18 09:49:42,261,resistance_soldier,resistance,5,5,3,3,Umbara
2025-03-18 09:49:41,262,x-wing,empire,6,7,1,7,Malastare
2025-03-18 09:49:40,263,tie_fighter,empire,4,10,9,6,Vulpter
2025-03-18 09:49:39,264,resistance_soldier,resistance,10,8,5,2,Mirial
2025-03-18 09:49:38,265,tie_silencer,resistance,8,6,9,6,Malastare
2025-03-18 09:49:37,266,x-wing,empire,2,10,1,1,Tatooine
2025-03-18 09:49:36,267,stormtrooper,empire,5,6,9,4,Vulpter
2025-03-18 09:49:35,268,stormtrooper,resistance,8,7,3,7,Glee Anselm
2025-03-18 09:49:34,269,x-wing,empire,7,2,10,5,Iktotch
2025-03-18 09:49:33,270,resistance_soldier,empire,4,3,4,2,Eriadu
2025-03-18 09:49:32,271,x-wing,empire,2,8,6,8,Muunilinst
2025-03-18 09:49:31,272,unknown,resistance,3,8,7,9,Umbara
2025-03-18 09:49:30,273,at-at,resistance,4,9,9,7,Socorro
2025-03-18 09:49:29,274,at-st,empire,2,3,6,9,Dathomir
2025-03-18 09:49:28,275,stormtrooper,empire,4,3,10,1,Quermia
2025-03-18 09:49:27,276,x-wing,resistance,1,10,9,10,Mon Cala
2025-03-18 09:49:26,277,tie_silencer,empire,9,8,7,9,Vulpter
2025-03-18 09:49:25,278,at-at,empire,5,4,8,6,Vulpter
2025-03-18 09:49:24,279,at-st,resistance,8,1,2,4,Zolan
2025-03-18 09:49:23,280,at-st,resistance,3,9,1,9,Chandrila
2025-03-18 09:49:22,281,resistance_soldier,empire,9,8,1,4,Eriadu
2025-03-18 09:49:21,282,at-at,empire,4,8,6,2,Ojom
2025-03-18 09:49:20,283,x-wing,empire,10,8,10,5,Rodia
2025-03-18 09:49:19,284,at-st,resistance,6,6,1,5,Kalee
2025-03-18 09:49:18,285,stormtrooper,resistance,7,10,3,6,Ojom
2025-03-18 09:49:17,286,tie_silencer,resistance,1,4,1,5,Iktotch
2025-03-18 09:49:16,287,x-wing,empire,3,7,6,3,Toydaria
2025-03-18 09:49:15,288,stormtrooper,resistance,1,8,3,9,Skako
2025-03-18 09:49:14,289,at-at,empire,6,10,7,7,Eriadu
2025-03-18 09:49:13,290,tie_fighter,resistance,7,7,4,7,Kalee
2025-03-18 09:49:12,291,resistance_soldier,empire,4,2,9,7,Ryloth
2025-03-18 09:49:11,292,at-at,empire,5,2,7,7,Cerea
2025-03-18 09:49:10,293,unknown,resistance,1,3,8,5,Chandrila
2025-03-18 09:49:09,294,at-st,empire,4,3,10,7,Dorin
2025-03-18 09:49:08,295,tie_fighter,empire,3,7,9,2,Rodia
2025-03-18 09:49:07,296,x-wing,resistance,5,1,3,4,Naboo
2025-03-18 09:49:06,297,resistance_soldier,resistance,8,7,7,7,Quermia
2025-03-18 09:49:05,298,x-wing,empire,5,4,3,5,Rodia
2025-03-18 09:49:04,299,x-wing,resistance,6,1,9,5,Kalee
2025-03-18 09:49:03,300,at-at,resistance,10,9,3,8,Toydaria
2025-03-18 09:49:02,301,at-st,resistance,5,8,10,9,Troiken
2025-03-18 09:49:01,302,unknown,empire,3,5,2,4,Cerea
2025-03-18 09:49:00,303,tie_fighter,resistance,4,5,4,4,Mon Cala
2025-03-18 09:48:59,304,tie_fighter,resistance,4,8,6,9,Iktotch
2025-03-18 09:48:58,305,tie_fighter,resistance,4,4,1,9,Mon Cala
2025-03-18 09:48:57,306,at-st,empire,3,3,1,4,Muunilinst
2025-03-18 09:48:56,307,unknown,empire,8,9,1,10,Haruun Kal
2025-03-18 09:48:55,308,tie_silencer,empire,2,3,8,5,Stewjon
2025-03-18 09:48:54,309,at-st,resistance,4,7,4,4,Dathomir
2025-03-18 09:48:53,310,tie_fighter,resistance,3,1,7,7,Kalee
2025-03-18 09:48:52,311,tie_silencer,resistance,4,9,5,9,Troiken
2025-03-18 09:48:51,312,tie_silencer,empire,8,1,3,2,Dagobah
2025-03-18 09:48:50,313,at-at,empire,5,4,1,2,Chandrila
2025-03-18 09:48:49,314,x-wing,empire,10,7,9,9,Ojom
2025-03-18 09:48:48,315,tie_silencer,empire,7,1,2,1,Skako
2025-03-18 09:48:47,316,tie_silencer,empire,4,3,2,1,Dagobah
2025-03-18 09:48:46,317,tie_fighter,empire,3,10,2,6,Mirial
2025-03-18 09:48:45,318,resistance_soldier,resistance,9,2,5,5,Troiken
2025-03-18 09:48:44,319,x-wing,resistance,9,4,10,1,Tholoth
2025-03-18 09:48:43,320,at-st,empire,7,1,6,9,Iridonia
2025-03-18 09:48:42,321,at-st,resistance,1,9,3,2,Rodia
2025-03-18 09:48:41,322,stormtrooper,resistance,6,4,10,1,Tatooine
2025-03-18 09:48:40,323,resistance_soldier,resistance,3,9,7,3,Malastare
2025-03-18 09:48:39,324,tie_fighter,resistance,10,5,8,9,Kalee
2025-03-18 09:48:38,325,at-at,empire,2,2,2,2,Ojom
2025-03-18 09:48:37,326,at-at,empire,3,9,10,4,Shili
2025-03-18 09:48:36,327,at-at,resistance,7,2,10,1,Troiken
2025-03-18 09:48:35,328,at-st,resistance,2,3,3,9,Mirial
2025-03-18 09:48:34,329,unknown,empire,4,1,6,6,Naboo
2025-03-18 09:48:33,330,at-at,empire,10,8,6,7,Serenno
2025-03-18 09:48:32,331,stormtrooper,resistance,3,4,2,8,Haruun Kal
2025-03-18 09:48:31,332,resistance_soldier,resistance,3,9,6,1,Kalee
2025-03-18 09:48:30,333,stormtrooper,resistance,1,8,10,1,Champala
2025-03-18 09:48:29,334,unknown,resistance,2,3,7,10,Tatooine
2025-03-18 09:48:28,335,unknown,empire,6,6,10,5,Champala
2025-03-18 09:48:27,336,tie_silencer,resistance,10,3,3,8,Iridonia
2025-03-18 09:48:26,337,tie_fighter,empire,8,3,7,4,Ryloth
2025-03-18 09:48:25,338,at-st,resistance,3,9,8,3,Glee Anselm
2025-03-18 09:48:24,339,tie_silencer,resistance,2,6,2,2,Chandrila
2025-03-18 09:48:23,340,tie_silencer,resistance,1,1,4,3,Dathomir
2025-03-18 09:48:22,341,stormtrooper,empire,4,4,4,4,Umbara
2025-03-18 09:48:21,342,at-st,resistance,10,1,4,5,Glee Anselm
2025-03-18 09:48:20,343,stormtrooper,empire,6,10,5,10,Ojom
2025-03-18 09:48:19,344,x-wing,resistance,9,4,9,8,Kashyyyk
2025-03-18 09:48:18,345,stormtrooper,empire,9,5,9,8,Tatooine
2025-03-18 09:48:17,346,resistance_soldier,resistance,3,10,4,4,Sullust
2025-03-18 09:48:16,347,tie_silencer,resistance,2,10,1,2,Quermia
2025-03-18 09:48:15,348,stormtrooper,empire,4,5,7,4,Skako
2025-03-18 09:48:14,349,at-st,resistance,8,3,3,3,Iktotch
2025-03-18 09:48:13,350,at-at,resistance,1,5,6,5,Alderaan
2025-03-18 09:48:12,351,x-wing,resistance,6,8,10,6,Socorro
2025-03-18 09:48:11,352,at-st,empire,7,1,5,9,Zolan
2025-03-18 09:48:10,353,at-at,empire,2,9,3,3,Serenno
2025-03-18 09:48:09,354,tie_fighter,empire,6,8,7,7,Chandrila
2025-03-18 09:48:08,355,at-at,empire,9,7,9,6,Skako
2025-03-18 09:48:07,356,stormtrooper,empire,2,6,5,9,Iktotch
2025-03-18 09:48:06,357,unknown,resistance,6,1,7,2,Kalee
2025-03-18 09:48:05,358,at-st,empire,8,7,1,2,Chandrila
2025-03-18 09:48:04,359,stormtrooper,resistance,7,6,2,3,Glee Anselm
2025-03-18 09:48:03,360,stormtrooper,resistance,6,1,7,3,Iktotch
2025-03-18 09:48:02,361,resistance_soldier,empire,1,2,3,2,Haruun Kal
2025-03-18 09:48:01,362,tie_silencer,resistance,10,1,6,5,Sullust
2025-03-18 09:48:00,363,resistance_soldier,resistance,4,9,10,3,Naboo
2025-03-18 09:47:59,364,stormtrooper,resistance,5,6,4,10,Glee Anselm
2025-03-18 09:47:58,365,stormtrooper,resistance,8,1,3,2,Umbara
2025-03-18 09:47:57,366,tie_fighter,resistance,6,1,8,5,Troiken
2025-03-18 09:47:56,367,tie_fighter,resistance,10,5,1,9,Sullust
2025-03-18 09:47:55,368,at-at,empire,4,1,1,4,Muunilinst
2025-03-18 09:47:54,369,x-wing,empire,5,3,7,1,Naboo
2025-03-18 09:47:53,370,stormtrooper,resistance,1,1,4,6,Chandrila
2025-03-18 09:47:52,371,x-wing,resistance,4,7,3,7,Tholoth
2025-03-18 09:47:51,372,x-wing,resistance,6,6,2,8,Alderaan
2025-03-18 09:47:50,373,tie_silencer,empire,9,1,5,8,Eriadu
2025-03-18 09:47:49,374,unknown,empire,10,5,5,8,Aleen Minor
2025-03-18 09:47:48,375,at-st,resistance,4,1,4,10,Champala
2025-03-18 09:47:47,376,tie_silencer,resistance,8,5,5,9,Sullust
2025-03-18 09:47:46,377,resistance_soldier,resistance,10,2,2,2,Trandosha
2025-03-18 09:47:45,378,x-wing,empire,3,8,5,4,Chandrila
2025-03-18 09:47:44,379,x-wing,resistance,6,10,3,3,Chandrila
2025-03-18 09:47:43,380,unknown,empire,2,4,1,3,Iridonia
2025-03-18 09:47:42,381,at-st,resistance,5,9,10,9,Sullust
2025-03-18 09:47:41,382,unknown,resistance,2,9,8,9,Troiken
2025-03-18 09:47:40,383,stormtrooper,resistance,9,9,9,7,Naboo
2025-03-18 09:47:39,384,resistance_soldier,empire,4,6,1,8,Muunilinst
2025-03-18 09:47:38,385,at-at,resistance,1,9,10,6,Iridonia
2025-03-18 09:47:37,386,stormtrooper,resistance,2,2,4,7,Tatooine
2025-03-18 09:47:36,387,stormtrooper,empire,3,4,4,9,Aleen Minor
2025-03-18 09:47:35,388,at-st,resistance,6,7,4,8,Cerea
2025-03-18 09:47:34,389,tie_fighter,empire,2,4,6,8,Shili
2025-03-18 09:47:33,390,at-at,empire,7,1,6,8,Mirial
2025-03-18 09:47:32,391,tie_silencer,resistance,8,2,5,2,Glee Anselm
2025-03-18 09:47:31,392,tie_fighter,empire,1,4,5,10,Dathomir
2025-03-18 09:47:30,393,stormtrooper,resistance,8,2,5,2,Chandrila
2025-03-18 09:47:29,394,unknown,empire,4,10,4,1,Corellia
2025-03-18 09:47:28,395,tie_fighter,empire,1,3,4,6,Muunilinst
2025-03-18 09:47:27,396,resistance_soldier,empire,9,3,8,6,Eriadu
2025-03-18 09:47:26,397,resistance_soldier,empire,9,7,10,1,Dorin
2025-03-18 09:47:25,398,stormtrooper,resistance,1,4,4,7,Iridonia
2025-03-18 09:47:24,399,stormtrooper,resistance,9,3,5,1,Mon Cala
2025-03-18 09:47:23,400,tie_silencer,resistance,3,2,5,6,Haruun Kal
2025-03-18 09:47:22,401,tie_silencer,resistance,2,7,9,6,Naboo
2025-03-18 09:47:21,402,resistance_soldier,empire,1,6,8,10,Tatooine
2025-03-18 09:47:20,403,x-wing,empire,6,7,1,10,Mirial
2025-03-18 09:47:19,404,tie_fighter,resistance,8,5,1,6,Chandrila
2025-03-18 09:47:18,405,unknown,empire,4,3,2,1,Mirial
2025-03-18 09:47:17,406,stormtrooper,resistance,9,4,3,7,Muunilinst
2025-03-18 09:47:16,407,at-st,empire,5,9,7,3,Tatooine
2025-03-18 09:47:15,408,tie_silencer,resistance,3,8,7,1,Shili
2025-03-18 09:47:14,409,at-at,resistance,9,10,4,10,Skako
2025-03-18 09:47:13,410,stormtrooper,empire,7,8,6,5,Muunilinst
2025-03-18 09:47:12,411,resistance_soldier,resistance,8,3,6,7,Ryloth
2025-03-18 09:47:11,412,x-wing,resistance,5,7,6,6,Socorro
2025-03-18 09:47:10,413,tie_fighter,resistance,8,10,5,5,Socorro
2025-03-18 09:47:09,414,x-wing,empire,8,10,9,10,Corellia
2025-03-18 09:47:08,415,at-st,empire,3,5,9,8,Iktotch
2025-03-18 09:47:07,416,at-st,resistance,8,2,1,8,Troiken
2025-03-18 09:47:06,417,at-st,empire,1,4,10,4,Champala
2025-03-18 09:47:05,418,resistance_soldier,resistance,4,7,4,4,Chandrila
2025-03-18 09:47:04,419,tie_fighter,resistance,10,9,7,9,Shili
2025-03-18 09:47:03,420,at-at,empire,3,6,1,10,Bestine IV
2025-03-18 09:47:02,421,unknown,empire,1,4,4,2,Skako
2025-03-18 09:47:01,422,stormtrooper,resistance,7,3,9,1,Iktotch
2025-03-18 09:47:00,423,at-at,empire,6,5,7,3,Zolan
2025-03-18 09:46:59,424,resistance_soldier,resistance,4,4,9,1,Kashyyyk
2025-03-18 09:46:58,425,tie_fighter,empire,2,4,3,4,Cerea
2025-03-18 09:46:57,426,at-st,empire,5,6,3,10,Malastare
2025-03-18 09:46:56,427,at-at,empire,7,9,1,9,Muunilinst
2025-03-18 09:46:55,428,x-wing,resistance,3,6,7,7,Umbara
2025-03-18 09:46:54,429,tie_silencer,resistance,9,6,6,2,Iktotch
2025-03-18 09:46:53,430,x-wing,empire,4,9,7,8,Umbara
2025-03-18 09:46:52,431,tie_fighter,empire,10,2,3,5,Cerea
2025-03-18 09:46:51,432,x-wing,empire,5,8,7,9,Trandosha
2025-03-18 09:46:50,433,unknown,resistance,1,6,8,5,Mon Cala
2025-03-18 09:46:49,434,tie_silencer,empire,9,8,3,5,Corellia
2025-03-18 09:46:48,435,tie_silencer,empire,4,6,4,9,Toydaria
2025-03-18 09:46:47,436,at-st,resistance,8,10,2,8,Troiken
2025-03-18 09:46:46,437,at-st,empire,6,5,8,7,Glee Anselm
2025-03-18 09:46:45,438,at-st,resistance,10,5,2,9,Toydaria
2025-03-18 09:46:44,439,tie_fighter,empire,1,2,4,4,Troiken
2025-03-18 09:46:43,440,x-wing,resistance,4,7,8,6,Concord Dawn
2025-03-18 09:46:42,441,unknown,empire,2,7,5,7,Stewjon
2025-03-18 09:46:41,442,at-at,resistance,8,6,4,4,Tund
2025-03-18 09:46:40,443,at-at,empire,10,10,8,1,Concord Dawn
2025-03-18 09:46:39,444,unknown,resistance,9,5,8,7,Iridonia
2025-03-18 09:46:38,445,tie_fighter,empire,8,9,1,3,Haruun Kal
2025-03-18 09:46:37,446,tie_silencer,resistance,8,1,3,7,Ryloth
2025-03-18 09:46:36,447,at-st,empire,10,4,8,2,Serenno
2025-03-18 09:46:35,448,unknown,empire,9,3,6,2,Rodia
2025-03-18 09:46:34,449,stormtrooper,resistance,10,1,4,9,Kashyyyk
2025-03-18 09:46:33,450,x-wing,resistance,7,9,3,3,Shili
2025-03-18 09:46:32,451,x-wing,empire,3,1,7,9,Vulpter
2025-03-18 09:46:31,452,at-at,empire,9,9,10,6,Haruun Kal
2025-03-18 09:46:30,453,tie_silencer,resistance,4,7,1,9,Iktotch
2025-03-18 09:46:29,454,at-at,empire,5,1,1,8,Muunilinst
2025-03-18 09:46:28,455,tie_fighter,resistance,8,6,6,9,Kalee
2025-03-18 09:46:27,456,at-st,resistance,5,5,3,8,Mon Cala
2025-03-18 09:46:26,457,x-wing,empire,9,7,6,3,Malastare
2025-03-18 09:46:25,458,tie_fighter,resistance,8,6,7,4,Vulpter
2025-03-18 09:46:24,459,x-wing,resistance,6,8,1,7,Sullust
2025-03-18 09:46:23,460,stormtrooper,resistance,4,7,6,1,Shili
2025-03-18 09:46:22,461,stormtrooper,resistance,6,5,5,9,Ryloth
2025-03-18 09:46:21,462,unknown,resistance,3,5,5,10,Glee Anselm
2025-03-18 09:46:20,463,unknown,empire,7,9,5,3,Ryloth
2025-03-18 09:46:19,464,x-wing,resistance,4,9,1,6,Rodia
2025-03-18 09:46:18,465,tie_silencer,resistance,7,3,2,6,Rodia
2025-03-18 09:46:17,466,tie_silencer,resistance,3,9,1,7,Chandrila
2025-03-18 09:46:16,467,stormtrooper,resistance,3,5,9,1,Vulpter
2025-03-18 09:46:15,468,x-wing,empire,4,3,9,7,Rodia
2025-03-18 09:46:14,469,tie_fighter,empire,1,9,7,3,Aleen Minor
2025-03-18 09:46:13,470,at-at,empire,10,2,9,2,Stewjon
2025-03-18 09:46:12,471,tie_fighter,empire,3,8,8,8,Bestine IV
2025-03-18 09:46:11,472,unknown,empire,9,10,6,4,Trandosha
2025-03-18 09:46:10,473,tie_fighter,resistance,6,4,10,2,Cerea
2025-03-18 09:46:09,474,unknown,resistance,2,8,9,9,Mon Cala
2025-03-18 09:46:08,475,tie_fighter,empire,8,8,3,9,Socorro
2025-03-18 09:46:07,476,tie_silencer,empire,7,6,3,2,Socorro
2025-03-18 09:46:06,477,unknown,empire,5,8,8,7,Mirial
2025-03-18 09:46:05,478,x-wing,empire,10,2,3,4,Dagobah
2025-03-18 09:46:04,479,at-at,resistance,9,6,5,6,Cerea
2025-03-18 09:46:03,480,stormtrooper,resistance,2,1,5,2,Kalee
2025-03-18 09:46:02,481,resistance_soldier,empire,9,1,4,2,Serenno
2025-03-18 09:46:01,482,tie_fighter,empire,9,7,1,10,Vulpter
2025-03-18 09:46:00,483,unknown,resistance,4,9,4,1,Serenno
2025-03-18 09:45:59,484,at-st,empire,1,6,6,10,Iktotch
2025-03-18 09:45:58,485,resistance_soldier,resistance,2,7,8,4,Troiken
2025-03-18 09:45:57,486,stormtrooper,empire,5,8,2,7,Ojom
2025-03-18 09:45:56,487,tie_silencer,resistance,10,6,2,5,Sullust
2025-03-18 09:45:55,488,stormtrooper,empire,1,9,7,4,Bestine IV
2025-03-18 09:45:54,489,at-st,resistance,3,10,7,4,Eriadu
2025-03-18 09:45:53,490,x-wing,empire,4,10,5,8,Socorro
2025-03-18 09:45:52,491,stormtrooper,resistance,1,10,6,3,Umbara
2025-03-18 09:45:51,492,resistance_soldier,empire,2,4,1,3,Dagobah
2025-03-18 09:45:50,493,at-st,resistance,7,1,1,7,Mirial
2025-03-18 09:45:49,494,stormtrooper,empire,9,6,6,10,Malastare
2025-03-18 09:45:48,495,at-at,empire,5,7,2,4,Shili
2025-03-18 09:45:47,496,unknown,empire,7,1,4,1,Eriadu
2025-03-18 09:45:46,497,resistance_soldier,resistance,4,8,9,9,Mon Cala
2025-03-18 09:45:45,498,stormtrooper,resistance,7,5,3,10,Sullust
2025-03-18 09:45:44,499,at-st,empire,7,10,4,3,Muunilinst
2025-03-18 09:45:43,500,at-at,empire,1,3,7,8,Tholoth
2025-03-18 09:45:42,501,at-st,resistance,9,9,7,10,Dathomir
2025-03-18 09:45:41,502,stormtrooper,resistance,1,7,6,8,Malastare
2025-03-18 09:45:40,503,at-st,resistance,6,10,4,8,Iktotch
2025-03-18 09:45:39,504,at-st,empire,5,6,5,7,Corellia
2025-03-18 09:45:38,505,tie_silencer,empire,3,7,10,2,Trandosha
2025-03-18 09:45:37,506,stormtrooper,empire,1,7,6,9,Serenno
2025-03-18 09:45:36,507,resistance_soldier,resistance,4,5,1,8,Eriadu
2025-03-18 09:45:35,508,tie_silencer,resistance,9,8,10,5,Aleen Minor
2025-03-18 09:45:34,509,resistance_soldier,resistance,3,6,10,6,Toydaria
2025-03-18 09:45:33,510,at-st,empire,1,3,2,9,Stewjon
2025-03-18 09:45:32,511,tie_silencer,resistance,2,4,10,4,Sullust
2025-03-18 09:45:31,512,stormtrooper,empire,7,10,1,10,Glee Anselm
2025-03-18 09:45:30,513,at-at,empire,10,8,5,7,Cerea
2025-03-18 09:45:29,514,unknown,resistance,2,7,5,5,Mirial
2025-03-18 09:45:28,515,x-wing,resistance,7,9,5,1,Skako
2025-03-18 09:45:27,516,x-wing,resistance,1,6,10,1,Umbara
2025-03-18 09:45:26,517,tie_fighter,empire,4,9,9,1,Corellia
2025-03-18 09:45:25,518,tie_silencer,empire,6,10,8,9,Tholoth
2025-03-18 09:45:24,519,unknown,resistance,6,6,9,10,Alderaan
2025-03-18 09:45:23,520,tie_silencer,resistance,8,2,8,6,Ryloth
2025-03-18 09:45:22,521,at-st,empire,6,4,7,3,Naboo
2025-03-18 09:45:21,522,unknown,empire,8,10,10,4,Aleen Minor
2025-03-18 09:45:20,523,at-st,empire,2,5,4,3,Muunilinst
2025-03-18 09:45:19,524,tie_fighter,resistance,5,1,7,7,Ryloth
2025-03-18 09:45:18,525,tie_silencer,empire,4,1,8,10,Mirial
2025-03-18 09:45:17,526,unknown,empire,3,6,9,7,Ryloth
2025-03-18 09:45:16,527,stormtrooper,empire,6,5,10,6,Vulpter
2025-03-18 09:45:15,528,at-at,empire,10,5,7,9,Shili
2025-03-18 09:45:14,529,unknown,resistance,5,2,1,7,Sullust
2025-03-18 09:45:13,530,tie_fighter,empire,4,6,6,3,Aleen Minor
2025-03-18 09:45:12,531,at-st,resistance,7,7,2,4,Dathomir
2025-03-18 09:45:11,532,unknown,resistance,7,4,8,3,Zolan
2025-03-18 09:45:10,533,at-st,resistance,5,6,7,6,Cerea
2025-03-18 09:45:09,534,tie_fighter,empire,9,10,5,5,Rodia
2025-03-18 09:45:08,535,x-wing,resistance,5,9,3,9,Chandrila
2025-03-18 09:45:07,536,tie_fighter,empire,7,7,3,8,Tholoth
2025-03-18 09:45:06,537,tie_fighter,resistance,10,2,8,5,Malastare
2025-03-18 09:45:05,538,x-wing,resistance,4,4,2,3,Socorro
2025-03-18 09:45:04,539,x-wing,empire,5,5,10,3,Iridonia
2025-03-18 09:45:03,540,at-at,resistance,9,6,8,3,Iridonia
2025-03-18 09:45:02,541,x-wing,resistance,2,2,8,1,Cerea
2025-03-18 09:45:01,542,resistance_soldier,empire,8,6,7,6,Tund
2025-03-18 09:45:00,543,x-wing,resistance,5,1,3,6,Kashyyyk
2025-03-18 09:44:59,544,at-at,empire,3,4,4,3,Stewjon
2025-03-18 09:44:58,545,resistance_soldier,empire,10,6,4,10,Dathomir
2025-03-18 09:44:57,546,tie_fighter,empire,7,9,4,4,Toydaria
2025-03-18 09:44:56,547,unknown,empire,6,6,1,3,Champala
2025-03-18 09:44:55,548,tie_fighter,resistance,10,9,4,7,Trandosha
2025-03-18 09:44:54,549,at-st,empire,4,9,8,8,Rodia
2025-03-18 09:44:53,550,resistance_soldier,empire,3,4,6,1,Serenno
2025-03-18 09:44:52,551,at-at,resistance,1,1,6,4,Mon Cala
2025-03-18 09:44:51,552,x-wing,empire,8,6,5,5,Bestine IV
2025-03-18 09:44:50,553,x-wing,resistance,4,7,4,7,Ojom
2025-03-18 09:44:49,554,tie_fighter,empire,3,5,5,8,Stewjon
2025-03-18 09:44:48,555,tie_silencer,empire,10,8,2,5,Skako
2025-03-18 09:44:47,556,at-at,resistance,10,9,4,5,Aleen Minor
2025-03-18 09:44:46,557,at-st,empire,8,7,1,5,Champala
2025-03-18 09:44:45,558,resistance_soldier,empire,1,1,3,7,Muunilinst
2025-03-18 09:44:44,559,at-st,empire,6,1,5,5,Tatooine
2025-03-18 09:44:43,560,resistance_soldier,empire,6,1,9,2,Concord Dawn
2025-03-18 09:44:42,561,tie_silencer,resistance,7,1,1,9,Sullust
2025-03-18 09:44:41,562,tie_silencer,resistance,1,7,2,6,Mon Cala
2025-03-18 09:44:40,563,tie_fighter,empire,7,7,10,2,Kalee
2025-03-18 09:44:39,564,x-wing,resistance,9,7,6,1,Dagobah
2025-03-18 09:44:38,565,resistance_soldier,resistance,8,9,1,4,Chandrila
2025-03-18 09:44:37,566,tie_fighter,empire,2,8,3,6,Tatooine
2025-03-18 09:44:36,567,unknown,empire,1,9,6,2,Haruun Kal
2025-03-18 09:44:35,568,resistance_soldier,resistance,7,2,3,3,Umbara
2025-03-18 09:44:34,569,at-st,resistance,2,9,7,7,Iridonia
2025-03-18 09:44:33,570,tie_fighter,resistance,8,8,6,8,Mon Cala
2025-03-18 09:44:32,571,unknown,resistance,7,9,5,9,Bestine IV
2025-03-18 09:44:31,572,resistance_soldier,empire,10,1,10,7,Skako
2025-03-18 09:44:30,573,at-st,empire,9,4,4,7,Stewjon
2025-03-18 09:44:29,574,x-wing,resistance,6,2,2,7,Shili
2025-03-18 09:44:28,575,tie_fighter,resistance,4,1,8,3,Rodia
2025-03-18 09:44:27,576,unknown,empire,4,6,10,2,Concord Dawn
2025-03-18 09:44:26,577,stormtrooper,resistance,3,4,7,10,Alderaan
2025-03-18 09:44:25,578,unknown,resistance,6,3,8,6,Haruun Kal
2025-03-18 09:44:24,579,tie_fighter,resistance,5,9,7,3,Serenno
2025-03-18 09:44:23,580,resistance_soldier,resistance,3,9,5,4,Sullust
2025-03-18 09:44:22,581,tie_fighter,resistance,6,7,10,2,Haruun Kal
2025-03-18 09:44:21,582,resistance_soldier,resistance,8,5,5,9,Concord Dawn
2025-03-18 09:44:20,583,tie_fighter,resistance,4,4,2,9,Eriadu
2025-03-18 09:44:19,584,unknown,resistance,1,5,10,9,Shili
2025-03-18 09:44:18,585,at-st,empire,8,9,2,6,Stewjon
2025-03-18 09:44:17,586,unknown,resistance,3,4,5,4,Toydaria
2025-03-18 09:44:16,587,stormtrooper,empire,10,5,8,9,Cerea
2025-03-18 09:44:15,588,tie_silencer,empire,7,6,2,1,Stewjon
2025-03-18 09:44:14,589,unknown,resistance,5,8,7,1,Haruun Kal
2025-03-18 09:44:13,590,tie_fighter,resistance,4,3,10,4,Socorro
2025-03-18 09:44:12,591,tie_fighter,resistance,2,3,3,2,Cerea
2025-03-18 09:44:11,592,x-wing,empire,2,10,3,6,Glee Anselm
2025-03-18 09:44:10,593,at-at,resistance,6,7,8,10,Dagobah
2025-03-18 09:44:09,594,x-wing,empire,4,8,7,4,Tholoth
2025-03-18 09:44:08,595,tie_fighter,empire,6,3,3,3,Cerea
2025-03-18 09:44:07,596,at-at,resistance,1,10,4,6,Rodia
2025-03-18 09:44:06,597,tie_fighter,resistance,6,9,3,6,Iktotch
2025-03-18 09:44:05,598,unknown,resistance,2,4,6,2,Naboo
2025-03-18 09:44:04,599,at-at,resistance,6,9,9,10,Skako
2025-03-18 09:44:03,600,unknown,empire,4,2,1,6,Serenno
2025-03-18 09:44:02,601,unknown,empire,8,4,1,7,Kalee
2025-03-18 09:44:01,602,tie_fighter,empire,2,10,6,9,Dorin
2025-03-18 09:44:00,603,at-at,empire,9,4,8,2,Dagobah
2025-03-18 09:43:59,604,at-at,empire,1,2,6,10,Stewjon
2025-03-18 09:43:58,605,at-at,empire,6,9,3,4,Trandosha
2025-03-18 09:43:57,606,stormtrooper,resistance,9,7,7,8,Kashyyyk
2025-03-18 09:43:56,607,at-at,empire,5,5,8,5,Tholoth
2025-03-18 09:43:55,608,at-st,resistance,5,7,10,3,Champala
2025-03-18 09:43:54,609,at-st,empire,7,1,10,1,Troiken
2025-03-18 09:43:53,610,tie_silencer,empire,1,2,6,2,Malastare
2025-03-18 09:43:52,611,stormtrooper,empire,10,5,6,7,Glee Anselm
2025-03-18 09:43:51,612,at-at,resistance,8,3,10,9,Skako
2025-03-18 09:43:50,613,x-wing,empire,9,2,6,10,Mirial
2025-03-18 09:43:49,614,at-at,resistance,10,9,5,6,Alderaan
2025-03-18 09:43:48,615,stormtrooper,empire,4,10,3,4,Tatooine
2025-03-18 09:43:47,616,tie_silencer,resistance,1,6,1,6,Iktotch
2025-03-18 09:43:46,617,resistance_soldier,empire,8,9,3,2,Dorin
2025-03-18 09:43:45,618,x-wing,resistance,3,3,1,7,Troiken
2025-03-18 09:43:44,619,stormtrooper,resistance,4,1,1,7,Toydaria
2025-03-18 09:43:43,620,x-wing,empire,3,5,7,1,Mon Cala
2025-03-18 09:43:42,621,x-wing,empire,5,1,7,1,Trandosha
2025-03-18 09:43:41,622,at-at,empire,8,5,1,6,Tund
2025-03-18 09:43:40,623,tie_silencer,empire,4,3,2,5,Cerea
2025-03-18 09:43:39,624,x-wing,resistance,4,6,6,6,Haruun Kal
2025-03-18 09:43:38,625,at-st,empire,7,7,1,4,Aleen Minor
2025-03-18 09:43:37,626,stormtrooper,resistance,8,5,6,6,Trandosha
2025-03-18 09:43:36,627,tie_fighter,resistance,2,8,1,10,Kalee
2025-03-18 09:43:35,628,unknown,empire,1,8,7,1,Stewjon
2025-03-18 09:43:34,629,unknown,empire,7,2,8,4,Rodia
2025-03-18 09:43:33,630,at-st,empire,6,5,8,5,Tatooine
2025-03-18 09:43:32,631,x-wing,resistance,5,6,9,3,Rodia
2025-03-18 09:43:31,632,at-at,resistance,2,3,1,8,Stewjon
2025-03-18 09:43:30,633,tie_fighter,empire,8,7,6,1,Corellia
2025-03-18 09:43:29,634,unknown,empire,10,7,2,1,Toydaria
2025-03-18 09:43:28,635,at-st,empire,9,4,9,2,Troiken
2025-03-18 09:43:27,636,resistance_soldier,resistance,4,7,1,6,Naboo
2025-03-18 09:43:26,637,stormtrooper,resistance,1,9,5,7,Alderaan
2025-03-18 09:43:25,638,resistance_soldier,resistance,5,6,2,3,Naboo
2025-03-18 09:43:24,639,at-st,empire,1,2,9,2,Iridonia
2025-03-18 09:43:23,640,tie_silencer,resistance,4,5,4,8,Haruun Kal
2025-03-18 09:43:22,641,tie_fighter,empire,2,5,6,4,Trandosha
2025-03-18 09:43:21,642,x-wing,empire,9,10,9,5,Aleen Minor
2025-03-18 09:43:20,643,stormtrooper,empire,5,6,1,6,Serenno
2025-03-18 09:43:19,644,at-at,resistance,9,4,1,7,Umbara
2025-03-18 09:43:18,645,tie_fighter,empire,10,3,6,9,Eriadu
2025-03-18 09:43:17,646,resistance_soldier,empire,5,7,9,4,Muunilinst
2025-03-18 09:43:16,647,x-wing,resistance,3,3,3,8,Ojom
2025-03-18 09:43:15,648,at-st,empire,2,5,9,7,Quermia
2025-03-18 09:43:14,649,x-wing,resistance,6,9,3,1,Troiken
2025-03-18 09:43:13,650,at-at,resistance,9,6,9,8,Kalee
2025-03-18 09:43:12,651,at-at,resistance,3,8,7,5,Chandrila
2025-03-18 09:43:11,652,tie_silencer,empire,9,7,9,6,Champala
2025-03-18 09:43:10,653,x-wing,resistance,8,2,3,9,Alderaan
2025-03-18 09:43:09,654,tie_silencer,resistance,3,6,8,9,Ryloth
2025-03-18 09:43:08,655,stormtrooper,empire,6,1,2,9,Dorin
2025-03-18 09:43:07,656,resistance_soldier,empire,4,5,1,7,Shili
2025-03-18 09:43:06,657,at-at,empire,10,1,5,8,Vulpter
2025-03-18 09:43:05,658,x-wing,resistance,3,2,6,5,Umbara
2025-03-18 09:43:04,659,tie_fighter,resistance,5,9,9,8,Iridonia
2025-03-18 09:43:03,660,stormtrooper,empire,10,7,2,8,Toydaria
2025-03-18 09:43:02,661,at-st,empire,3,8,8,1,Toydaria
2025-03-18 09:43:01,662,resistance_soldier,empire,9,5,10,6,Troiken
2025-03-18 09:43:00,663,stormtrooper,empire,5,5,2,5,Kalee
2025-03-18 09:42:59,664,x-wing,empire,7,3,8,3,Tatooine
2025-03-18 09:42:58,665,tie_silencer,resistance,6,8,2,1,Quermia
2025-03-18 09:42:57,666,unknown,empire,1,5,1,3,Stewjon
2025-03-18 09:42:56,667,unknown,empire,6,2,3,9,Quermia
2025-03-18 09:42:55,668,tie_fighter,resistance,6,7,8,3,Tholoth
2025-03-18 09:42:54,669,stormtrooper,empire,3,1,2,8,Trandosha
2025-03-18 09:42:53,670,unknown,empire,3,4,5,7,Bestine IV
2025-03-18 09:42:52,671,tie_silencer,empire,9,8,2,3,Aleen Minor
2025-03-18 09:42:51,672,x-wing,resistance,7,7,2,2,Champala
2025-03-18 09:42:50,673,at-at,resistance,3,5,1,9,Skako
2025-03-18 09:42:49,674,resistance_soldier,empire,6,6,6,3,Malastare
2025-03-18 09:42:48,675,at-st,empire,7,1,3,10,Tund
2025-03-18 09:42:47,676,tie_fighter,resistance,7,1,7,2,Alderaan
2025-03-18 09:42:46,677,tie_fighter,resistance,8,10,9,3,Alderaan
2025-03-18 09:42:45,678,at-at,resistance,8,8,10,8,Cerea
2025-03-18 09:42:44,679,stormtrooper,resistance,5,4,5,10,Cerea
2025-03-18 09:42:43,680,stormtrooper,resistance,10,9,10,3,Skako
2025-03-18 09:42:42,681,unknown,resistance,3,10,9,4,Kashyyyk
2025-03-18 09:42:41,682,tie_silencer,resistance,10,2,1,5,Tatooine
2025-03-18 09:42:40,683,tie_silencer,empire,10,9,3,4,Tholoth
2025-03-18 09:42:39,684,x-wing,empire,4,6,1,3,Muunilinst
2025-03-18 09:42:38,685,unknown,resistance,1,10,9,3,Kashyyyk
2025-03-18 09:42:37,686,unknown,empire,6,4,5,6,Ojom
2025-03-18 09:42:36,687,resistance_soldier,empire,4,3,5,5,Dathomir
2025-03-18 09:42:35,688,stormtrooper,empire,7,10,6,8,Tholoth
2025-03-18 09:42:34,689,tie_silencer,empire,10,4,8,9,Iridonia
2025-03-18 09:42:33,690,resistance_soldier,empire,6,10,7,4,Ryloth
2025-03-18 09:42:32,691,tie_fighter,empire,3,2,7,6,Zolan
2025-03-18 09:42:31,692,resistance_soldier,empire,3,9,10,1,Shili
2025-03-18 09:42:30,693,at-at,resistance,7,3,7,2,Cerea
2025-03-18 09:42:29,694,tie_fighter,resistance,6,9,8,8,Mon Cala
2025-03-18 09:42:28,695,tie_silencer,empire,1,10,8,2,Cerea
2025-03-18 09:42:27,696,at-at,resistance,9,4,9,4,Troiken
2025-03-18 09:42:26,697,at-st,empire,7,3,5,7,Concord Dawn
2025-03-18 09:42:25,698,x-wing,empire,8,2,5,8,Dorin
2025-03-18 09:42:24,699,tie_silencer,empire,3,6,3,9,Corellia
2025-03-18 09:42:23,700,at-at,resistance,9,3,1,4,Chandrila
2025-03-18 09:42:22,701,tie_fighter,resistance,8,8,5,5,Naboo
2025-03-18 09:42:21,702,at-st,empire,5,10,8,6,Skako
2025-03-18 09:42:20,703,tie_fighter,empire,5,4,2,5,Stewjon
2025-03-18 09:42:19,704,unknown,empire,1,5,10,2,Eriadu
2025-03-18 09:42:18,705,x-wing,resistance,8,3,6,4,Alderaan
2025-03-18 09:42:17,706,stormtrooper,resistance,4,7,2,6,Bestine IV
2025-03-18 09:42:16,707,stormtrooper,resistance,1,9,1,2,Bestine IV
2025-03-18 09:42:15,708,tie_silencer,resistance,4,4,1,7,Iridonia
2025-03-18 09:42:14,709,unknown,resistance,9,1,7,10,Troiken
2025-03-18 09:42:13,710,stormtrooper,resistance,2,2,7,1,Chandrila
2025-03-18 09:42:12,711,at-st,resistance,1,10,2,2,Bestine IV
2025-03-18 09:42:11,712,at-at,resistance,3,2,10,6,Rodia
2025-03-18 09:42:10,713,unknown,empire,8,2,10,3,Malastare
2025-03-18 09:42:09,714,tie_fighter,empire,6,3,3,6,Ojom
2025-03-18 09:42:08,715,tie_fighter,empire,4,8,5,6,Tatooine
2025-03-18 09:42:07,716,at-at,empire,8,3,10,4,Serenno
2025-03-18 09:42:06,717,stormtrooper,resistance,10,7,1,4,Concord Dawn
2025-03-18 09:42:05,718,tie_silencer,resistance,5,8,8,5,Glee Anselm
2025-03-18 09:42:04,719,resistance_soldier,resistance,3,6,3,1,Zolan
2025-03-18 09:42:03,720,tie_silencer,empire,5,10,8,7,Concord Dawn
2025-03-18 09:42:02,721,unknown,empire,5,6,4,1,Quermia
2025-03-18 09:42:01,722,x-wing,empire,7,3,3,2,Serenno
2025-03-18 09:42:00,723,tie_silencer,empire,9,8,10,1,Iridonia
2025-03-18 09:41:59,724,x-wing,empire,8,8,8,2,Toydaria
2025-03-18 09:41:58,725,tie_fighter,resistance,7,10,10,1,Haruun Kal
2025-03-18 09:41:57,726,stormtrooper,empire,8,8,8,2,Ojom
2025-03-18 09:41:56,727,at-at,empire,5,6,9,2,Trandosha
2025-03-18 09:41:55,728,at-st,empire,1,3,10,4,Dagobah
2025-03-18 09:41:54,729,at-at,empire,1,6,6,1,Iridonia
2025-03-18 09:41:53,730,x-wing,resistance,8,6,1,10,Haruun Kal
2025-03-18 09:41:52,731,tie_fighter,empire,1,6,5,3,Troiken
2025-03-18 09:41:51,732,stormtrooper,empire,2,3,9,8,Corellia
2025-03-18 09:41:50,733,stormtrooper,resistance,2,8,1,4,Vulpter
2025-03-18 09:41:49,734,x-wing,empire,6,1,1,7,Trandosha
2025-03-18 09:41:48,735,tie_fighter,empire,5,2,5,4,Concord Dawn
2025-03-18 09:41:47,736,resistance_soldier,resistance,9,2,6,5,Alderaan
2025-03-18 09:41:46,737,resistance_soldier,resistance,7,2,10,8,Ryloth
2025-03-18 09:41:45,738,tie_silencer,resistance,4,1,9,10,Socorro
2025-03-18 09:41:44,739,tie_fighter,resistance,5,10,5,10,Dorin
2025-03-18 09:41:43,740,at-at,resistance,3,2,9,9,Haruun Kal
2025-03-18 09:41:42,741,stormtrooper,empire,3,10,10,5,Umbara
2025-03-18 09:41:41,742,at-at,empire,6,1,6,6,Concord Dawn
2025-03-18 09:41:40,743,stormtrooper,resistance,9,4,2,10,Cerea
2025-03-18 09:41:39,744,at-at,resistance,5,2,10,10,Concord Dawn
2025-03-18 09:41:38,745,tie_silencer,empire,5,2,8,4,Dagobah
2025-03-18 09:41:37,746,x-wing,resistance,3,3,7,7,Concord Dawn
2025-03-18 09:41:36,747,at-st,resistance,4,10,7,4,Socorro
2025-03-18 09:41:35,748,x-wing,resistance,5,9,6,5,Aleen Minor
2025-03-18 09:41:34,749,at-st,empire,10,8,4,9,Dagobah
2025-03-18 09:41:33,750,stormtrooper,empire,2,10,8,2,Serenno
2025-03-18 09:41:32,751,resistance_soldier,resistance,10,4,1,3,Zolan
2025-03-18 09:41:31,752,stormtrooper,resistance,2,10,10,5,Toydaria
2025-03-18 09:41:30,753,at-at,resistance,8,1,3,10,Ryloth
2025-03-18 09:41:29,754,x-wing,resistance,4,4,3,9,Shili
2025-03-18 09:41:28,755,resistance_soldier,empire,5,3,7,10,Ojom
2025-03-18 09:41:27,756,unknown,resistance,7,3,8,9,Haruun Kal
2025-03-18 09:41:26,757,x-wing,resistance,8,4,5,4,Rodia
2025-03-18 09:41:25,758,at-at,empire,10,10,1,1,Dagobah
2025-03-18 09:41:24,759,at-st,empire,4,8,5,7,Umbara
2025-03-18 09:41:23,760,at-st,empire,3,10,3,8,Tund
2025-03-18 09:41:22,761,x-wing,empire,7,2,6,5,Vulpter
2025-03-18 09:41:21,762,at-st,empire,4,2,7,1,Champala
2025-03-18 09:41:20,763,tie_silencer,resistance,3,7,3,3,Ojom
2025-03-18 09:41:19,764,tie_silencer,empire,10,5,1,8,Muunilinst
2025-03-18 09:41:18,765,unknown,empire,5,1,4,10,Iktotch
2025-03-18 09:41:17,766,at-st,empire,4,5,3,2,Haruun Kal
2025-03-18 09:41:16,767,unknown,empire,4,3,1,6,Vulpter
2025-03-18 09:41:15,768,resistance_soldier,empire,9,1,8,6,Tund
2025-03-18 09:41:14,769,tie_fighter,resistance,4,9,7,2,Stewjon
2025-03-18 09:41:13,770,tie_fighter,empire,3,10,8,6,Muunilinst
2025-03-18 09:41:12,771,x-wing,resistance,9,6,6,6,Zolan
2025-03-18 09:41:11,772,x-wing,resistance,10,4,3,7,Kashyyyk
2025-03-18 09:41:10,773,at-at,resistance,8,7,1,2,Iridonia
2025-03-18 09:41:09,774,at-at,resistance,7,2,8,5,Champala
2025-03-18 09:41:08,775,at-at,empire,8,1,4,5,Eriadu
2025-03-18 09:41:07,776,unknown,resistance,6,7,8,2,Iktotch
2025-03-18 09:41:06,777,tie_fighter,resistance,7,7,9,3,Bestine IV
2025-03-18 09:41:05,778,at-at,resistance,10,9,8,1,Champala
2025-03-18 09:41:04,779,at-st,empire,7,8,8,4,Vulpter
2025-03-18 09:41:03,780,unknown,resistance,4,3,10,4,Alderaan
2025-03-18 09:41:02,781,tie_fighter,resistance,4,1,9,4,Cerea
2025-03-18 09:41:01,782,stormtrooper,empire,8,2,4,8,Toydaria
2025-03-18 09:41:00,783,tie_silencer,empire,1,4,2,4,Tatooine
2025-03-18 09:40:59,784,resistance_soldier,resistance,6,7,6,10,Chandrila
2025-03-18 09:40:58,785,x-wing,empire,1,7,9,2,Skako
2025-03-18 09:40:57,786,x-wing,resistance,7,7,3,4,Haruun Kal
2025-03-18 09:40:56,787,tie_silencer,empire,8,4,6,4,Serenno
2025-03-18 09:40:55,788,x-wing,empire,6,9,6,7,Dathomir
2025-03-18 09:40:54,789,x-wing,empire,7,6,7,5,Ojom
2025-03-18 09:40:53,790,unknown,empire,3,6,7,1,Troiken
2025-03-18 09:40:52,791,at-st,resistance,1,8,7,9,Zolan
2025-03-18 09:40:51,792,tie_fighter,empire,10,2,4,5,Stewjon
2025-03-18 09:40:50,793,at-at,resistance,7,6,7,9,Glee Anselm
2025-03-18 09:40:49,794,at-st,empire,8,9,4,4,Kashyyyk
2025-03-18 09:40:48,795,tie_silencer,empire,4,9,3,8,Zolan
2025-03-18 09:40:47,796,tie_silencer,resistance,5,4,2,3,Trandosha
2025-03-18 09:40:46,797,at-at,resistance,4,3,7,1,Dathomir
2025-03-18 09:40:45,798,x-wing,empire,8,2,2,5,Skako
2025-03-18 09:40:44,799,unknown,resistance,10,8,10,2,Socorro
2025-03-18 09:40:43,800,unknown,resistance,3,3,9,2,Quermia
2025-03-18 09:40:42,801,unknown,empire,9,10,4,5,Skako
2025-03-18 09:40:41,802,at-at,empire,8,4,4,5,Eriadu
2025-03-18 09:40:40,803,unknown,resistance,6,8,4,5,Shili
2025-03-18 09:40:39,804,unknown,resistance,8,10,6,7,Iktotch
2025-03-18 09:40:38,805,stormtrooper,empire,2,8,3,8,Zolan
2025-03-18 09:40:37,806,tie_fighter,empire,3,2,4,9,Skako
2025-03-18 09:40:36,807,x-wing,empire,10,1,4,10,Corellia
2025-03-18 09:40:35,808,resistance_soldier,resistance,10,8,7,2,Troiken
2025-03-18 09:40:34,809,tie_fighter,empire,3,2,2,5,Cerea
2025-03-18 09:40:33,810,unknown,resistance,4,9,8,4,Rodia
2025-03-18 09:40:32,811,stormtrooper,resistance,10,9,5,10,Sullust
2025-03-18 09:40:31,812,unknown,empire,9,4,6,7,Tatooine
2025-03-18 09:40:30,813,unknown,resistance,3,10,4,6,Chandrila
2025-03-18 09:40:29,814,x-wing,empire,1,6,4,7,Zolan
2025-03-18 09:40:28,815,unknown,empire,10,10,7,1,Concord Dawn
2025-03-18 09:40:27,816,at-st,empire,6,5,3,7,Bestine IV
2025-03-18 09:40:26,817,stormtrooper,resistance,6,6,8,4,Iridonia
2025-03-18 09:40:25,818,x-wing,empire,9,6,4,7,Tatooine
2025-03-18 09:40:24,819,resistance_soldier,resistance,5,4,8,1,Quermia
2025-03-18 09:40:23,820,unknown,resistance,2,9,9,9,Skako
2025-03-18 09:40:22,821,resistance_soldier,resistance,8,4,3,2,Skako
2025-03-18 09:40:21,822,at-st,resistance,5,6,7,9,Mirial
2025-03-18 09:40:20,823,resistance_soldier,resistance,5,9,9,4,Kalee
2025-03-18 09:40:19,824,x-wing,resistance,3,5,4,5,Tholoth
2025-03-18 09:40:18,825,x-wing,empire,10,8,7,1,Corellia
2025-03-18 09:40:17,826,tie_silencer,resistance,4,10,9,3,Troiken
2025-03-18 09:40:16,827,at-at,empire,8,10,1,4,Bestine IV
2025-03-18 09:40:15,828,resistance_soldier,empire,3,5,4,9,Iktotch
2025-03-18 09:40:14,829,at-at,resistance,2,5,10,1,Sullust
2025-03-18 09:40:13,830,stormtrooper,resistance,7,8,4,3,Dagobah
2025-03-18 09:40:12,831,resistance_soldier,empire,4,8,1,6,Tund
2025-03-18 09:40:11,832,stormtrooper,empire,8,4,8,2,Dagobah
2025-03-18 09:40:10,833,at-at,resistance,8,2,5,9,Kashyyyk
2025-03-18 09:40:09,834,x-wing,empire,5,5,1,3,Stewjon
2025-03-18 09:40:08,835,at-at,resistance,1,5,6,10,Quermia
2025-03-18 09:40:07,836,resistance_soldier,empire,9,6,10,7,Bestine IV
2025-03-18 09:40:06,837,at-at,resistance,10,1,9,4,Chandrila
2025-03-18 09:40:05,838,at-at,resistance,2,10,8,1,Concord Dawn
2025-03-18 09:40:04,839,stormtrooper,resistance,6,6,8,5,Champala
2025-03-18 09:40:03,840,at-at,resistance,10,9,10,6,Umbara
2025-03-18 09:40:02,841,resistance_soldier,resistance,3,7,10,10,Naboo
2025-03-18 09:40:01,842,stormtrooper,empire,7,5,2,7,Tholoth
2025-03-18 09:40:00,843,x-wing,empire,8,6,8,7,Tund
2025-03-18 09:39:59,844,x-wing,resistance,5,3,8,4,Troiken
2025-03-18 09:39:58,845,at-st,resistance,9,10,9,5,Ojom
2025-03-18 09:39:57,846,at-st,empire,8,9,4,8,Kalee
2025-03-18 09:39:56,847,tie_fighter,resistance,4,9,2,2,Shili
2025-03-18 09:39:55,848,x-wing,empire,6,3,3,3,Aleen Minor
2025-03-18 09:39:54,849,x-wing,resistance,8,3,6,7,Umbara
2025-03-18 09:39:53,850,at-st,empire,2,7,10,5,Socorro
2025-03-18 09:39:52,851,at-at,empire,10,3,6,4,Socorro
2025-03-18 09:39:51,852,tie_silencer,empire,7,6,1,6,Dagobah
2025-03-18 09:39:50,853,unknown,resistance,4,10,5,7,Socorro
2025-03-18 09:39:49,854,unknown,resistance,2,7,9,9,Shili
2025-03-18 09:39:48,855,at-at,empire,6,9,6,10,Concord Dawn
2025-03-18 09:39:47,856,at-st,empire,4,3,9,8,Mirial
2025-03-18 09:39:46,857,x-wing,empire,4,5,4,1,Naboo
2025-03-18 09:39:45,858,tie_fighter,resistance,10,3,7,7,Malastare
2025-03-18 09:39:44,859,x-wing,empire,7,1,3,9,Tholoth
2025-03-18 09:39:43,860,tie_silencer,empire,3,9,9,2,Tund
2025-03-18 09:39:42,861,unknown,resistance,1,1,5,7,Mon Cala
2025-03-18 09:39:41,862,at-st,empire,2,7,7,6,Vulpter
2025-03-18 09:39:40,863,tie_silencer,empire,7,2,6,5,Ojom
2025-03-18 09:39:39,864,tie_fighter,resistance,7,9,4,6,Toydaria
2025-03-18 09:39:38,865,unknown,resistance,5,2,9,3,Socorro
2025-03-18 09:39:37,866,x-wing,resistance,7,5,9,10,Socorro
2025-03-18 09:39:36,867,at-st,resistance,3,1,7,8,Alderaan
2025-03-18 09:39:35,868,resistance_soldier,empire,9,7,3,6,Tholoth
2025-03-18 09:39:34,869,resistance_soldier,empire,2,2,6,3,Malastare
2025-03-18 09:39:33,870,tie_silencer,empire,8,5,1,8,Dathomir
2025-03-18 09:39:32,871,tie_silencer,resistance,3,3,10,5,Toydaria
2025-03-18 09:39:31,872,tie_silencer,resistance,6,9,2,8,Tholoth
2025-03-18 09:39:30,873,tie_fighter,resistance,3,5,6,5,Haruun Kal
2025-03-18 09:39:29,874,tie_fighter,resistance,10,3,10,3,Zolan
2025-03-18 09:39:28,875,at-st,empire,9,1,9,4,Dagobah
2025-03-18 09:39:27,876,stormtrooper,empire,5,5,8,6,Stewjon
2025-03-18 09:39:26,877,at-st,resistance,7,2,8,10,Ryloth
2025-03-18 09:39:25,878,stormtrooper,empire,3,5,3,9,Socorro
2025-03-18 09:39:24,879,resistance_soldier,empire,6,9,3,1,Kalee
2025-03-18 09:39:23,880,stormtrooper,resistance,3,8,4,5,Malastare
2025-03-18 09:39:22,881,x-wing,resistance,7,8,6,4,Ryloth
2025-03-18 09:39:21,882,at-st,resistance,10,6,10,9,Tund
2025-03-18 09:39:20,883,resistance_soldier,empire,1,10,6,4,Toydaria
2025-03-18 09:39:19,884,stormtrooper,resistance,3,4,9,7,Iktotch
2025-03-18 09:39:18,885,at-st,empire,7,2,4,6,Corellia
2025-03-18 09:39:17,886,unknown,empire,1,7,6,2,Troiken
2025-03-18 09:39:16,887,x-wing,empire,3,6,5,8,Dorin
2025-03-18 09:39:15,888,tie_silencer,resistance,2,1,5,6,Trandosha
2025-03-18 09:39:14,889,resistance_soldier,empire,10,7,4,4,Serenno
2025-03-18 09:39:13,890,tie_silencer,empire,6,3,6,8,Malastare
2025-03-18 09:39:12,891,tie_fighter,resistance,3,7,8,10,Naboo
2025-03-18 09:39:11,892,resistance_soldier,resistance,6,7,3,8,Troiken
2025-03-18 09:39:10,893,at-st,empire,4,7,3,9,Concord Dawn
2025-03-18 09:39:09,894,at-st,empire,10,7,4,6,Stewjon
2025-03-18 09:39:08,895,resistance_soldier,resistance,5,4,2,9,Kashyyyk
2025-03-18 09:39:07,896,tie_fighter,empire,6,6,4,6,Toydaria
2025-03-18 09:39:06,897,at-st,resistance,9,8,6,1,Haruun Kal
2025-03-18 09:39:05,898,resistance_soldier,empire,3,3,1,6,Champala
2025-03-18 09:39:04,899,unknown,resistance,4,4,5,5,Iktotch
2025-03-18 09:39:03,900,stormtrooper,resistance,1,3,5,4,Tatooine
2025-03-18 09:39:02,901,tie_silencer,empire,10,9,5,2,Socorro
2025-03-18 09:39:01,902,resistance_soldier,empire,10,9,9,8,Dorin
2025-03-18 09:39:00,903,tie_fighter,resistance,4,3,5,4,Dorin
2025-03-18 09:38:59,904,x-wing,resistance,1,3,3,10,Shili
2025-03-18 09:38:58,905,at-st,empire,5,10,9,7,Toydaria
2025-03-18 09:38:57,906,unknown,resistance,8,8,9,7,Glee Anselm
2025-03-18 09:38:56,907,resistance_soldier,empire,3,10,4,2,Concord Dawn
2025-03-18 09:38:55,908,resistance_soldier,empire,8,4,2,8,Champala
2025-03-18 09:38:54,909,resistance_soldier,resistance,6,6,7,3,Naboo
2025-03-18 09:38:53,910,unknown,empire,7,5,9,9,Cerea
2025-03-18 09:38:52,911,at-at,resistance,5,10,9,10,Haruun Kal
2025-03-18 09:38:51,912,stormtrooper,empire,2,9,10,9,Dorin
2025-03-18 09:38:50,913,stormtrooper,resistance,3,6,8,10,Chandrila
2025-03-18 09:38:49,914,stormtrooper,resistance,8,4,9,2,Toydaria
2025-03-18 09:38:48,915,resistance_soldier,empire,7,4,4,2,Tatooine
2025-03-18 09:38:47,916,at-at,empire,9,6,1,6,Tund
2025-03-18 09:38:46,917,at-st,empire,9,9,9,7,Ojom
2025-03-18 09:38:45,918,unknown,resistance,5,5,8,5,Mirial
2025-03-18 09:38:44,919,tie_fighter,resistance,7,4,1,9,Socorro
2025-03-18 09:38:43,920,at-st,empire,2,9,6,9,Dagobah
2025-03-18 09:38:42,921,resistance_soldier,resistance,8,3,8,9,Kalee
2025-03-18 09:38:41,922,tie_silencer,empire,7,1,1,1,Champala
2025-03-18 09:38:40,923,at-st,empire,7,6,4,4,Bestine IV
2025-03-18 09:38:39,924,tie_fighter,empire,4,1,6,1,Quermia
2025-03-18 09:38:38,925,stormtrooper,resistance,9,2,6,5,Iridonia
2025-03-18 09:38:37,926,tie_fighter,resistance,9,5,4,8,Naboo
2025-03-18 09:38:36,927,x-wing,resistance,5,10,5,3,Dagobah
2025-03-18 09:38:35,928,stormtrooper,empire,8,6,4,2,Skako
2025-03-18 09:38:34,929,x-wing,resistance,2,5,3,6,Bestine IV
2025-03-18 09:38:33,930,tie_silencer,resistance,10,4,9,6,Zolan
2025-03-18 09:38:32,931,at-at,empire,7,2,1,4,Ojom
2025-03-18 09:38:31,932,tie_silencer,empire,6,8,4,8,Corellia
2025-03-18 09:38:30,933,tie_fighter,empire,9,8,4,7,Chandrila
2025-03-18 09:38:29,934,tie_fighter,empire,7,8,9,8,Cerea
2025-03-18 09:38:28,935,at-at,empire,3,2,1,3,Trandosha
2025-03-18 09:38:27,936,at-st,empire,1,10,6,4,Toydaria
2025-03-18 09:38:26,937,unknown,resistance,1,7,3,6,Shili
2025-03-18 09:38:25,938,at-st,resistance,7,3,7,10,Rodia
2025-03-18 09:38:24,939,tie_silencer,empire,2,8,8,8,Skako
2025-03-18 09:38:23,940,unknown,empire,7,3,5,10,Tund
2025-03-18 09:38:22,941,at-st,resistance,1,2,10,8,Shili
2025-03-18 09:38:21,942,tie_fighter,resistance,4,6,5,4,Kalee
2025-03-18 09:38:20,943,resistance_soldier,resistance,4,6,9,3,Rodia
2025-03-18 09:38:19,944,resistance_soldier,empire,5,9,5,2,Skako
2025-03-18 09:38:18,945,tie_fighter,resistance,5,5,3,4,Toydaria
2025-03-18 09:38:17,946,resistance_soldier,resistance,5,3,9,5,Iridonia
2025-03-18 09:38:16,947,x-wing,empire,4,5,5,10,Vulpter
2025-03-18 09:38:15,948,resistance_soldier,resistance,9,1,1,2,Umbara
2025-03-18 09:38:14,949,x-wing,empire,4,4,5,10,Muunilinst
2025-03-18 09:38:13,950,unknown,resistance,3,6,4,7,Dathomir
2025-03-18 09:38:12,951,tie_silencer,resistance,5,9,7,2,Iktotch
2025-03-18 09:38:11,952,unknown,empire,6,10,4,4,Muunilinst
2025-03-18 09:38:10,953,tie_fighter,resistance,1,3,2,1,Ojom
2025-03-18 09:38:09,954,at-st,empire,8,9,3,10,Ryloth
2025-03-18 09:38:08,955,at-st,resistance,9,4,5,5,Iridonia
2025-03-18 09:38:07,956,tie_fighter,resistance,7,2,2,1,Troiken
2025-03-18 09:38:06,957,tie_silencer,resistance,5,1,7,2,Dathomir
2025-03-18 09:38:05,958,unknown,resistance,7,1,1,5,Socorro
2025-03-18 09:38:04,959,at-at,empire,2,1,5,4,Cerea
2025-03-18 09:38:03,960,tie_fighter,empire,2,10,2,2,Iktotch
2025-03-18 09:38:02,961,resistance_soldier,empire,3,4,4,10,Champala
2025-03-18 09:38:01,962,at-at,empire,10,10,4,2,Mirial
2025-03-18 09:38:00,963,tie_fighter,resistance,4,3,6,4,Iktotch
2025-03-18 09:37:59,964,stormtrooper,empire,10,1,7,9,Iridonia
2025-03-18 09:37:58,965,stormtrooper,empire,6,2,7,8,Umbara
2025-03-18 09:37:57,966,tie_fighter,resistance,4,3,4,6,Vulpter
2025-03-18 09:37:56,967,at-at,resistance,6,3,8,1,Sullust
2025-03-18 09:37:55,968,tie_fighter,empire,6,2,1,6,Ojom
2025-03-18 09:37:54,969,at-st,resistance,4,6,10,5,Tholoth
2025-03-18 09:37:53,970,stormtrooper,resistance,6,9,7,7,Chandrila
2025-03-18 09:37:52,971,at-at,empire,5,5,10,4,Corellia
2025-03-18 09:37:51,972,tie_fighter,empire,7,6,6,6,Cerea
2025-03-18 09:37:50,973,at-st,empire,10,6,1,3,Dorin
2025-03-18 09:37:49,974,unknown,empire,10,9,10,5,Serenno
2025-03-18 09:37:48,975,tie_silencer,empire,7,8,1,4,Tund
2025-03-18 09:37:47,976,at-st,empire,8,2,4,5,Dorin
2025-03-18 09:37:46,977,at-st,empire,2,8,8,5,Umbara
2025-03-18 09:37:45,978,unknown,resistance,7,9,4,8,Eriadu
2025-03-18 09:37:44,979,at-st,empire,2,4,4,10,Eriadu
2025-03-18 09:37:43,980,unknown,empire,6,7,6,7,Haruun Kal
2025-03-18 09:37:42,981,tie_fighter,resistance,4,2,7,9,Trandosha
2025-03-18 09:37:41,982,at-st,resistance,5,8,5,6,Dorin
2025-03-18 09:37:40,983,unknown,resistance,5,8,2,6,Kashyyyk
2025-03-18 09:37:39,984,at-st,empire,10,1,7,9,Naboo
2025-03-18 09:37:38,985,stormtrooper,resistance,1,9,7,10,Rodia
2025-03-18 09:37:37,986,unknown,resistance,10,8,5,4,Tatooine
2025-03-18 09:37:36,987,tie_silencer,empire,3,6,2,5,Quermia
2025-03-18 09:37:35,988,tie_silencer,empire,9,1,2,1,Socorro
2025-03-18 09:37:34,989,tie_silencer,resistance,3,10,2,8,Glee Anselm
2025-03-18 09:37:33,990,tie_fighter,empire,3,5,9,1,Trandosha
2025-03-18 09:37:32,991,tie_silencer,resistance,2,5,8,7,Dorin
2025-03-18 09:37:31,992,at-at,resistance,1,2,2,6,Sullust
2025-03-18 09:37:30,993,at-st,resistance,3,3,3,3,Champala
2025-03-18 09:37:29,994,unknown,empire,4,2,9,7,Vulpter
2025-03-18 09:37:28,995,stormtrooper,resistance,1,1,7,10,Rodia
2025-03-18 09:37:27,996,resistance_soldier,empire,9,1,9,6,Corellia
2025-03-18 09:37:26,997,at-st,empire,8,1,6,4,Kalee
2025-03-18 09:37:25,998,tie_silencer,resistance,4,4,6,1,Haruun Kal
2025-03-18 09:37:24,999,tie_silencer,resistance,7,8,2,1,Malastare
2025-03-18 09:37:23,1000,stormtrooper,empire,9,2,7,9,Mirial
